{"cameraMode":{"drawMode":0,"name":"Shaded","section":"Shading Mode"},"sceneLighting":true,"audioPlay":false,"sceneViewState":{"showFog":true,"showMaterialUpdate":false,"showSkybox":true,"showFlares":true,"showImageEffects":true,"showParticleSystems":true,"showVisualEffectGraphs":true,"m_FxEnabled":true},"in2DMode":false,"pivot":{"x":617.91943359375,"y":270.33392333984377,"z":30.30389404296875},"rotation":{"x":0.0026909748557955028,"y":0.0005983203300274909,"z":0.000002701164476093254,"w":-0.9999963641166687},"size":267.0992431640625,"orthographic":false}