{"cameraMode":{"drawMode":0,"name":"Shaded","section":"Shading Mode"},"sceneLighting":true,"audioPlay":false,"sceneViewState":{"showFog":true,"showMaterialUpdate":false,"showSkybox":true,"showFlares":true,"showImageEffects":true,"showParticleSystems":true,"showVisualEffectGraphs":true,"m_FxEnabled":true},"in2DMode":false,"pivot":{"x":0.07633236050605774,"y":2.7374813556671144,"z":-6.794294357299805},"rotation":{"x":-0.06625241786241532,"y":0.015563488006591797,"z":-0.0010324222967028618,"w":-0.9976811408996582},"size":0.9581617712974548,"orthographic":false}