{"cameraMode":{"drawMode":0,"name":"Shaded","section":"Shading Mode"},"sceneLighting":true,"audioPlay":false,"sceneViewState":{"showFog":true,"showMaterialUpdate":false,"showSkybox":true,"showFlares":true,"showImageEffects":true,"showParticleSystems":true,"showVisualEffectGraphs":true,"m_FxEnabled":true},"in2DMode":false,"pivot":{"x":-0.016510792076587678,"y":2.6820526123046877,"z":-6.804012298583984},"rotation":{"x":-0.08420894294977188,"y":-0.0023930510506033899,"z":0.00020333011343609542,"w":-0.9964451789855957},"size":0.6581617593765259,"orthographic":false}